Time,Run#,Tgin,Hgin,Tgout,Hgout,PH,Tliq,Fliq,CO2in,Co2out,dp,vg,Tliqo,Dustrak,cmd,nc,vol,mass,ambpm,flowrate1,pmmghour,fliqkghour,driftmgkg,type,packing,disb,medium,loading,co2diff
12:01,amb,25.9,71.1,26.4,63.7,12.09,23.4,0,392,392,0,0,,0.007,,,,7,0.008,0.3,23.76,0,#DIV/0!,ct,o,hc,taurate,6,0
12:35,CT1,25.2,59.9,22.3,85,11.87,21.5,55,390,312,1,10,,0.022,,,,55,0.008,0.3,14.04,3808.8,0.0036862,ct,o,hc,taurate,6,78
12:45,CT2,25.2,59.4,22.1,84.8,11.79,21.3,40,394,323,1,10,,0.013,,,,22,0.008,0.3,9.72,2975.76,0.003266392,ct,o,hc,taurate,6,71
13:00,CT3,25.1,60.1,21.9,84.5,11.74,21,30,393,334,1,10,,0.009,,,,8,0.008,0.3,3.024,2052,0.001473684,ct,o,hc,taurate,6,59
13:15,CT4,25,60.6,21.9,82.3,11.69,21.1,15,395,347,1,10,,0.007,,,,7,0.008,0.12,0,954.72,0,ct,o,hc,taurate,6,48
11:45,CT9,23.3,50,20,77.1,11.62,18.4,40,397,267,0,4,,0.022,,,,30,0.008,0,5.832,2995.2,0.001947115,ct,o,hc,taurate,12,130
10:53,amb,22.8,53.8,24.2,77.5,11.75,22.1,40,396,229,0,0,,0.009,,,,8,0.008,0.18,19.656,3002.4,0.006546763,ct,o,hc,taurate,12,167
11:06,CT5,22.6,53,21.9,77.2,11.73,21.1,40,399,308,0,6,,0.014,,,,26,0.003,0.39,41.04,2995.2,0.013701923,ct,o,hc,taurate,12,91
11:20,CT6,22.8,52.1,19.3,81.2,11.71,18.7,40,400,346,1,13,,0.019,,,,25,0.003,0.6,181.44,2995.2,0.060576923,ct,o,hc,taurate,12,54
11:30,CT7,23.6,50.4,19.2,80.6,11.67,18.4,40,410,360,2,20,,0.07,,,,10,0.003,0.72,21.6,2995.2,0.007211538,ct,o,hc,taurate,12,50
11:38,CT8,23.6,49.3,19.1,79.4,11.65,18.4,40,400,370,4,24,,0.02,,,,33,0.003,0.3,3.24,2995.2,0.001081731,ct,o,hc,taurate,12,30
13:00,amb,27,36.6,21,74.1,11.13,22.1,0,385,358,0,10,,0.003,66,6.13e+03(#/cm³),1.61e+09(nm³/cm³),1.93(µg/m³),0.003,0.3,59.4,0,#DIV/0!,ct,o,hc,taurate,12,27
13:13,ct10,27.5,38,22,75.3,11.16,20.1,50,386,332,1,10,,0.055,35,1.43e+04(#/cm³),1.00e+10(nm³/cm³), 12.0(µg/m³),0.01,0.3,54,3996,0.013513514,ct,o,hc,taurate,6,54
13:20,ct11,27.7,35.7,21.8,75.1,11.16,20,40,384,333,1,10,,0.05,35,1.61e+04(#/cm³),1.28e+10(nm³/cm³), 15.4(µg/m³),0.01,0.3,48.6,3098.88,0.015683086,ct,o,hc,taurate,6,51
13:27,ct12,27.7,34.8,21.6,73.1,11.16,19.7,30,386,342,1,10,,0.045,34,1.75e+04(#/cm³),1.23e+10(nm³/cm³), 14.8(µg/m³),0.01,0.3,16.416,2131.2,0.007702703,ct,o,hc,taurate,6,44
13:36,ct13,27.9,33.3,21.6,70.1,11.15,19.7,15,388,352,1,10,,0.038,33,1.82e+04(#/cm³),1.19e+10(nm³/cm³), 14.3(µg/m³),0.01,0.12,22.68,1008,0.0225,ct,o,hc,taurate,6,36
11:00,ct14,26,45,23,71,11.08,19.9,40,384,287,,4,,0.035,43,1.91e+03(#/cm³),1.46e+09(nm³/cm³),1.75(µg/m³),0.01,0.18,37.584,3096,0.012139535,ct,o,hc,taurate,6,97
11:06,ct15,26.4,45,22.2,75,11.08,20,40,383,308,,6,,0.029,45,1.24e+03(#/cm³),1.04e+09(nm³/cm³),1.24(µg/m³),0.01,0.36,32.832,3088.8,0.010629371,ct,o,hc,taurate,6,75
11:13,ct16,26.4,44.2,21.4,78.9,11.07,20,40,381,338,1,12,,0.016,50,1.51e+03(#/cm³),1.10e+09(nm³/cm³),1.33(µg/m³),0.01,0.57,31.104,3081.6,0.010093458,ct,o,hc,taurate,6,43
11:18,ct17,26.5,43.9,21.1,79,11.07,20,40,379,347,2,19,,0.012,46,1.74e+03(#/cm³),1.09e+09(nm³/cm³),1.31(µg/m³),0.01,0.72,0,3081.6,0,ct,o,hc,taurate,6,32
11:24,ct18,26.8,42.5,21.2,78,11.06,20,40,377,352,4,24,,0.01,50,1.34e+03(#/cm³),7.27e+08(nm³/cm³),0.873(µg/m³),0.01,0,10.8,3081.6,0.003504673,ct,o,hc,taurate,6,25
,amb,26.8,42.5,21.2,78,11.06,20,0,377,377,4,24,,0.01,88,1.78e+03(#/cm³),4.50e+09(nm³/cm³),5.40(µg/m³),0.01,0.3,27,0,#DIV/0!,ct,o,hc,taurate,12,0
12:14,CT19,26.5,31.7,20.2,72.2,10.88,18,55,399,337,1.5,10,,0.025,25,1.74e+04(#/cm³),4.26e+09(nm³/cm³),5.11(µg/m³),0.022,0.3,14.04,3952.8,0.003551913,ct,o,hc,taurate,12,62
12:18,CT20,26.5,31.7,20.2,72.2,10.88,18,40,398,336,1.5,10,,0.013,24,2.30e+04(#/cm³),4.96e+09(nm³/cm³),5.95(µg/m³),0.022,0.3,49.68,3072.96,0.016166823,ct,o,hc,taurate,12,62
12:36,CT21,26.6,32.1,20.4,70,10.87,18,30,396,345,1.5,10,,0.046,25,1.37e+04(#/cm³),3.05e+09(nm³/cm³),3.66(µg/m³),0.022,0.3,0,2105.28,0,ct,o,hc,taurate,12,51
12:48,CT22,26.5,32.1,20.8,68.1,10.87,12.1,15,395,359,1.5,10,,0.028,24,2.87e+04(#/cm³),3.08e+09(nm³/cm³),3.69(µg/m³),0.022,0,9.504,984.96,0.009649123,ct,o,hc,taurate,12,36
,amb,,32.1,20.8,68.1,10.87,12.1,0,395,389,1.5,10,,0.022,24,3.56e+04(#/cm³),5.02e+09(nm³/cm³),6.02(µg/m³),0.022,0.12,19.44,0,#DIV/0!,ct,o,hc,taurate,12,6
11:15,CT23,22.1,39.4,20,67.8,10.88,17.7,40,405,289,0,4,,0.03,26,4.07e+04(#/cm³),6.21e+09(nm³/cm³),7.45(µg/m³),0.004,0.18,33.696,3081.6,0.010934579,ct,o,hc,taurate,12,116
11:27,CT24,22.6,38.7,19.2,71.3,10.9,17.1,40,401,314,1,6,,0.026,27,2.40e+04(#/cm³),5.34e+09(nm³/cm³),6.40(µg/m³),0.004,0.36,22.572,3081.6,0.007324766,ct,o,hc,taurate,12,87
11:39,CT25,23,35.6,18,74.3,10.9,16.4,40,396,339,1.5,12,,0.011,27,3.12e+04(#/cm³),5.27e+09(nm³/cm³),6.32(µg/m³),0.004,0.57,24.3,3081.6,0.007885514,ct,o,hc,taurate,12,57
11:46,CT26,23,36.7,17.4,75,10.9,16.1,40,395,356,3.5,19,,0.009,26,3.91e+04(#/cm³),4.11e+09(nm³/cm³),4.93(µg/m³),0.004,0.75,0,3081.6,0,ct,o,hc,taurate,12,39
11:51,CT27,23.3,36,17.5,74.3,10.9,16.1,40,394,361,6,25,,0.008,28,3.66e+04(#/cm³),6.60e+09(nm³/cm³),7.93(µg/m³),0.004,0,1.728,3060,0.000564706,ct,o,hc,taurate,12,33
,amb,23.3,36,17.5,74.3,10.9,16.1,0,394,394,6,25,,0.004,24,1.47e+04(#/cm³),3.30e+09(nm³/cm³),3.96(µg/m³),0.004,0.12,0,0,#DIV/0!,ct,o,hc,taurate,12,0
13:26,CT32,20,84.1,20.3,87,10.68,20,40,395,312,1,4,,,,,,,0.004,0.18,33.696,3038.4,0.011090047,ct,o,hc,taurate,18,83
13:40,CT33,18.4,86.4,19.3,87.4,10.69,19.4,40,386,323,1,6,,0.026,52,6.95e+03(#/cm³),9.90e+09(nm³/cm³), 11.9(µg/m³),0.004,0.36,33.048,3038.4,0.010876777,ct,o,hc,taurate,18,63
13:50,CT34,17.6,86.4,18.4,88.4,10.71,18.6,40,388,343,2,12,,0.017,54,2.18e+03(#/cm³),3.66e+09(nm³/cm³),4.39(µg/m³),0.004,0.54,13.122,3038.4,0.00431872,ct,o,hc,taurate,18,45
14:01,CT35,17.7,87.1,18.8,89.2,10.72,17.8,40,385,352,4,18,,0.005,50,2.24e+03(#/cm³),2.78e+09(nm³/cm³),3.34(µg/m³),0.004,0.729,0,3031.2,0,ct,o,hc,taurate,18,33
14:08,CT36,17.6,84.3,17.5,88.8,10.72,17.6,40,384,356,5,24.3,,0.005,53,2.78e+03(#/cm³),4.88e+09(nm³/cm³),5.85(µg/m³),0.004,0,2.592,3031.2,0.000855107,ct,o,hc,taurate,18,28
,amb,17.6,84.3,17.5,88.8,10.72,17.6,0,384,384,5,24.3,,0.004,35,2.82e+03(#/cm³),3.46e+09(nm³/cm³),4.15(µg/m³),0.004,0.18,,0,#DIV/0!,ct,o,hc,taurate,18,0
10:34,CTN01,31.2,56.1,26.7,84.5,13.32,26.4,5,405,342,0.3,6,,,,,,,0.004,0.18,,328.32,,ct,o,sp_square,taurate,12,63
11:02,CTN02,30.1,56.1,26.3,84.7,13.35,26.1,5,403,344,0.3,6,,,,,,,0.004,0.18,,324,,ct,o,sp_ring,taurate,12,59
11:10,CTN03,30.1,56.1,26.3,84.7,13.35,26.1,5,398,336,0.3,6,,,,,,,0.004,0.18,,360,,ct,o,sp_3arm,taurate,12,62
11:36,CTN04,31.2,55.5,26.3,87,13.36,25.7,10,396,316,0.3,6,,,,,,,0.004,0.18,,741.6,,ct,o,sp_3arm,taurate,12,80
12:02,CTN05,31.2,55.5,26.3,87,13.36,25.7,10,395,328,0.3,6,,,,,,,0.004,0.18,,724.32,,ct,o,sp_3arm,taurate,12,67
12:07,CTN06,31.2,55.5,26.3,87,13.36,25.7,10,393,321,0.3,6,,,,,,,0.004,0.18,,907.2,,ct,o,sp_3arm,taurate,12,72
12:14,CTN07,31.2,55.5,26.3,87,13.36,25.7,,392,329,0.3,6,,,,,,,0.004,0.18,,0,,ct,o,sp_3arm,taurate,12,63
14:12,CTN08,31.2,55.5,26.3,87,13.36,25.7,40,389,302,0.3,6,,,,,,,0.004,0.18,,2736,,ct,o,hc,taurate,12,87
14:30,CTN09,31.2,55.5,26.3,87,13.36,25.7,5,389,349,0.3,6,,,,,,,0.004,0.18,,450.72,,ct,o,hc,taurate,12,40
13:56,CTN10,29.1,48.3,24.4,80.1,12.95,23.4,55,384,298,0.7,6,,,58,8.29e+03(#/cm³),6.58e+09(nm³/cm³),7.90(µg/m³),0.004,0.18,,3704.4,,ct,n,hc,taurate,12,86
14:06,CTN11,29,48.1,23.9,82,12.97,22.8,40,384,299,0.7,6,,,63,9.47e+03(#/cm³),7.66e+09(nm³/cm³),9.19(µg/m³),0.004,0.18,,2808,,ct,n,hc,taurate,12,85
14:18,CTN12,29.1,50.4,23.6,82.4,12.97,22.6,30,381,321,0.5,6,,,49,5.39e+03(#/cm³),3.51e+09(nm³/cm³),4.21(µg/m³),0.004,0.27,,1785.6,,ct,n,hc,taurate,12,60
14:29,CTN13,23.5,52,29.1,84.2,12.97,22.6,30,383,327,1,9,,,48,2.30e+03(#/cm³),2.13e+09(nm³/cm³),2.56(µg/m³),0.004,0.12,,2448,,ct,n,hc,taurate,12,56
14:37,CTN14,29.1,51,24.2,84.2,12.97,22.7,30,384,277,0.4,4,,,52,6.01e+03(#/cm³),4.47e+09(nm³/cm³),5.37(µg/m³),0.004,0,,2448,,ct,n,hc,taurate,12,107
,amb,29.1,51,24.2,84.2,12.97,22.7,0,384,384,0.4,,,,51,2.86e+03(#/cm³),3.55e+09(nm³/cm³),4.25(µg/m³),0.004,0.18,,0,,ct,n,sp_3arm,taurate,12,0
11:03,CTN15,24.4,76.5,23,89,12.65,23.4,10,385,314,0.3,6,,,43,2.46e+03(#/cm³),2.88e+09(nm³/cm³),3.45(µg/m³),0.002,0.27,,648,,ct,n,sp_3arm,taurate,12,71
11:15,CTN16,24.7,74.7,22.9,90.8,12.67,22.7,10,383,328,0.7,9,,,57,3.13e+03(#/cm³),6.53e+09(nm³/cm³),7.83(µg/m³),0.002,0.12,,639.36,,ct,n,sp_3arm,taurate,12,55
11:25,CNT17,24.9,74.5,23.2,90.3,12.67,22.5,10,383,286,0.2,4,,,44,2.10e+03(#/cm³),5.69e+09(nm³/cm³),6.83(µg/m³),0.002,0.18,,627.84,,ct,n,sp_3arm,taurate,12,97
11:38,CTN18,25.3,72.2,22.8,90.7,12.68,22.3,5,385,323,0.3,6,,,49,1.41e+03(#/cm³),3.25e+09(nm³/cm³),3.90(µg/m³),0.002,0.18,,432,,ct,n,sp_3arm,taurate,12,62
11:42,CTN19,25.4,72.4,22.9,90.6,12.3,22.3,10,384,294,0.3,6,,,46,1.67e+03(#/cm³),3.32e+09(nm³/cm³),3.98(µg/m³),0.002,0.18,,887.76,,ct,n,sp_3arm,taurate,12,90
13:45,CTN20,27.8,63.4,24.4,86.6,12.58,23.6,10,385,323,0.4,6,,,90,4.08e+03(#/cm³),1.15e+10(nm³/cm³), 13.8(µg/m³),0.002,0.36,,627.84,,ct,n,sp_3arm,taurate,12,62
14:05,CTN21,28.2,60.7,23.8,88.5,12.59,23.3,10,380,342,0.9,12,,,534,8.24e+03(#/cm³),6.57e+11(nm³/cm³),787.8(µg/m³),0.002,0.54,,658.08,,ct,n,sp_3arm,taurate,12,38
14:11,CTN22,28.2,60.5,23.8,87.8,12.59,23.2,10,380,356,1.8,18,,,68,4.90e+03(#/cm³),3.97e+10(nm³/cm³), 47.7(µg/m³),0.002,0.54,,658.08,,ct,n,sp_3arm,taurate,12,24
14:15,CTN23,28.2,60.1,23.7,87.7,12.6,23.2,55,382,357,1.8,18,,,70,5.31e+03(#/cm³),8.79e+09(nm³/cm³), 10.6(µg/m³),0.002,0.36,,453.6,,ct,n,sp_3arm,taurate,12,25
14:22,CTN24,28.2,59.8,23.8,88.2,12.6,23.1,55,382,347,0.9,12,,,64,3.46e+03(#/cm³),5.94e+09(nm³/cm³),7.13(µg/m³),0.002,0.18,,453.6,,ct,n,sp_3arm,taurate,12,35
14:29,CTN25,28.3,58,23.8,87.6,12.6,23,55,383,330,0.4,6,,,68,3.14e+03(#/cm³),4.74e+09(nm³/cm³),5.69(µg/m³),0.002,0.18,,453.6,,ct,n,sp_3arm,taurate,12,53
14:36,CTN26,28.4,57,23.5,87,12.6,23,5,385,337,0.4,6,,,56,1.74e+03(#/cm³),2.84e+09(nm³/cm³),3.40(µg/m³),0.002,0.27,,185.04,,ct,n,sp_3arm,taurate,12,48
15:05,CTN27,28.4,54.3,23.5,84.3,12.61,22.9,3,386,360,0.6,9,,,57,5.86e+03(#/cm³),6.03e+09(nm³/cm³),7.24(µg/m³),0.002,0.18,,185.04,,ct,n,sp_3arm,taurate,12,26
15:19,CTN28,27.1,51.4,23.5,83.3,12.61,22.7,3,387,355,0.4,6,,,57,4.56e+03(#/cm³),4.83e+09(nm³/cm³),5.79(µg/m³),0.002,0,,182.16,,ct,n,sp_3arm,taurate,12,32
,amb,27.1,51.4,23.5,83.3,12.61,22.7,0,387,387,0.4,6,,,60,4.26e+03(#/cm³),6.53e+09(nm³/cm³),7.84(µg/m³),0.002,0.18,,0,,ct,n,sp_3arm,taurate,12,0
13:52,CTN029,23.2,56.3,21.3,72.8,10.02,21,3,387,353,0.2,6,,,45,849.6(#/cm³),1.46e+09(nm³/cm³),1.75(µg/m³),0.003,0.18,,151.2,,ct,n,sp_3arm,taurate,12,34
14:05,CTN30,23.5,55.4,20.9,75.3,10.03,20.2,5,387,343,0.2,6,,,36,820.8(#/cm³),1.22e+09(nm³/cm³),1.47(µg/m³),0.003,0.18,,309.6,,ct,n,sp_3arm,taurate,12,44
14:19,CTN31,24.3,54.4,20.7,87.9,10.03,19.8,5,391,341,0.2,6,,,34,1.66e+03(#/cm³),1.99e+09(nm³/cm³),2.38(µg/m³),0.003,0.12,,432,,ct,n,sp_3arm,taurate,12,50
14:32,CTN32,24.5,57.6,21,79,10.03,19.8,5,384,315,0.1,4,,,46,658.7(#/cm³),1.42e+09(nm³/cm³),1.71(µg/m³),0.003,0.36,,432,,ct,n,sp_3arm,taurate,12,69
14:46,CTN33,23.8,58.6,20.6,79.6,10.02,19.8,5,388,342,0.8,12,,,54,446.7(#/cm³),1.19e+09(nm³/cm³),1.43(µg/m³),0.003,0.54,,432,,ct,n,sp_3arm,taurate,12,46
14:57,CTN34,23,60,20.6,78.4,10.02,19.6,5,384,356,1.7,18,,,55,477.9(#/cm³),1.33e+09(nm³/cm³),1.60(µg/m³),0.003,0.72,,432,,ct,n,sp_3arm,taurate,12,28
15:05,CTN35,23.1,61.9,20.6,78.6,10.02,19.7,5,396,366,3.4,24,,,66,539.4(#/cm³),1.37e+09(nm³/cm³),1.64(µg/m³),0.003,0,,432,,ct,n,sp_3arm,taurate,12,30
,amb,23.1,61.9,20.6,78.6,10.02,19.7,0,396,396,3.4,24,,,36,1.88e+04(#/cm³),3.49e+09(nm³/cm³),4.18(µg/m³),0.003,0.18,,0,,ct,n,sp_3arm,taurate,12,0
13:51,CTN36,25.3,61.1,22.5,72.7,9.82,22.1,2,387,357,0.1,6,,,60,855.6(#/cm³),1.76e+09(nm³/cm³),2.11(µg/m³),0.003,0.18,,151.2,,ct,n,sp_3arm,taurate,18,30
14:05,CTN37,25.6,60,22.7,79,9.81,21.9,5,390,357,0.3,6,,,57,583.4(#/cm³),1.02e+09(nm³/cm³),1.22(µg/m³),0.003,0.18,,295.2,,ct,n,sp_3arm,taurate,18,33
14:16,CTN38,25.6,59.3,22.6,81,9.8,21.8,5,386,347,0.3,6,,,33,1.76e+03(#/cm³),1.63e+09(nm³/cm³),1.95(µg/m³),0.003,0.12,,432,,ct,n,sp_3arm,taurate,18,39
14:30,CTN39,26.1,57.5,22.8,80.3,9.81,21.8,5,386,328,0.2,4,,,179,4.21e+03(#/cm³),7.01e+10(nm³/cm³), 84.1(µg/m³),0.003,0.36,,432,,ct,n,sp_3arm,taurate,18,58
14:42,CTN40,26.7,57.3,22.8,80,9.81,21.8,5,388,356,1,12,,,94,2.30e+03(#/cm³),2.41e+10(nm³/cm³), 28.9(µg/m³),0.003,0.54,,432,,ct,n,sp_3arm,taurate,18,32
14:54,CTN41,26,58.6,23,78.1,9.81,21.9,5,390,363,2,18,,,33,962.6(#/cm³),1.83e+09(nm³/cm³),2.20(µg/m³),0.003,0.72,,432,,ct,n,sp_3arm,taurate,18,27
15:05,CTN42,25.5,63.9,23.1,78.9,9.81,21.9,5,386,368,3.3,24,,,34,1.26e+03(#/cm³),1.47e+09(nm³/cm³),1.77(µg/m³),0.003,0.18,,432,,ct,n,sp_3arm,taurate,18,18
0:00,CTN43,24.6,77.6,24.7,86,10.03,31.2,2,395,339,0.2,6,,,68,1.93e+03(#/cm³),3.06e+09(nm³/cm³),3.67(µg/m³),0.003,0.18,,151.2,,ct,n,sp_3arm,taurate,3,56
11:17,CTN44,25.3,74.1,25,84.6,10.08,29.3,5,386,336,0.2,6,,,76,4.37e+03(#/cm³),6.11e+09(nm³/cm³),7.34(µg/m³),0.003,0.18,,295.2,,ct,n,sp_3arm,taurate,3,50
11:26,CTN45,25.2,72.8,25,86.1,10.12,27.6,5,386,320,0.3,6,,,73,4.11e+03(#/cm³),5.78e+09(nm³/cm³),6.94(µg/m³),0.003,0.12,,432,,ct,n,sp_3arm,taurate,3,66
11:36,CTN46,25.5,73.1,25.1,85.1,10.15,26.7,5,386,299,0.1,4,,,72,2.72e+03(#/cm³),4.43e+09(nm³/cm³),5.31(µg/m³),0.003,0.36,,432,,ct,n,sp_3arm,taurate,3,87
11:45,CTN47,25.6,74.1,24.3,84.1,10.17,25.4,5,384,343,1,12,,,61,1.30e+03(#/cm³),2.18e+09(nm³/cm³),2.62(µg/m³),0.003,0.54,,432,,ct,n,sp_3arm,taurate,3,41
11:55,CTN48,25.5,73.4,24,84.4,10.19,24.8,5,385,343,1.9,18,,,56,878.0(#/cm³),1.52e+09(nm³/cm³),1.82(µg/m³),0.003,0.72,,432,,ct,n,sp_3arm,taurate,3,42
12:05,CTN49,25.5,72.7,23.9,84.2,10.19,24.4,5,389,352,3.1,24,,,46,951.5(#/cm³),1.43e+09(nm³/cm³),1.71(µg/m³),0.003,0.18,,432,,ct,n,sp_3arm,taurate,3,37
13:52,CTN50,28.2,50.3,23.9,76.5,12.26,22.4,5,390,339,0.2,6,,,85,5.97e+03(#/cm³),1.73e+10(nm³/cm³), 20.8(µg/m³),0.003,0.18,,288,,ct,n,fc,taurate,6,51
14:06,CTN51,28.4,47.8,23.4,76.4,12.3,22.3,5,390,320,0.3,6,,,104,6.63e+03(#/cm³),2.74e+10(nm³/cm³), 32.9(µg/m³),0.003,0.18,,360,,ct,n,fc,taurate,6,70
14:15,CTN52,28.7,45.6,23.7,75.7,12.31,22.3,5,390,319,0.3,6,,,91,6.92e+03(#/cm³),2.96e+10(nm³/cm³), 35.6(µg/m³),0.003,0.12,,432,,ct,n,fc,taurate,6,71
14:17,CTN53,28.2,47,23.5,73.9,12.32,22.2,5,389,298,0.1,4,,,110,5.82e+03(#/cm³),2.87e+10(nm³/cm³), 34.4(µg/m³),0.003,0.36,,432,,ct,n,fc,taurate,6,91
14:25,CTN54,28.4,48.1,23.4,74.2,12.34,22.1,5,390,339,1,12,,,85,5.35e+03(#/cm³),1.77e+10(nm³/cm³), 21.2(µg/m³),0.003,0.54,,432,,ct,n,fc,taurate,6,51
14:35,CTN55,28.8,42.2,23,74.2,12.34,22.1,5,393,351,1.8,18,,,101,4.99e+03(#/cm³),1.63e+10(nm³/cm³), 19.6(µg/m³),0.003,0.72,,432,,ct,n,fc,taurate,6,42
14:40,CTN56,28.8,42.9,23.2,72.2,12.34,21.9,5,387,350,1.8,24,,,99,3.47e+03(#/cm³),1.27e+10(nm³/cm³), 15.2(µg/m³),0.003,0.12,,432,,ct,n,fc,taurate,6,37
10:45,RLS1,23.3,64.9,24,91.5,12.15,24.8,400,398,285,0,4,,,62,1.80e+03(#/cm³),1.12e+09(nm³/cm³),1.34(µg/m³),0.003,0.12,,28800,,rls,,spiral,taurate,6,113
11:06,RLS2,25.7,57.2,24.1,85.6,12.13,24.3,400,394,330,0,8.2,,,162,1.15e+03(#/cm³),2.24e+09(nm³/cm³),2.69(µg/m³),0.003,0.246,,28800,,rls,,spiral,taurate,6,64
11:27,RLS3b,26.5,53.6,24.2,87.6,12.11,24,400,394,288,0,4,,,132,578.9(#/cm³),6.38e+08(nm³/cm³),0.765(µg/m³),0.003,0.12,,28800,,rls,,spiral,taurate,6,106
11:35,RLS4,28.6,46.7,24.6,78.3,12.09,23.9,400,390,353,0,15.2,,,102,305.9(#/cm³),1.60e+08(nm³/cm³),0.192(µg/m³),0.003,0.456,,28800,,rls,,spiral,taurate,6,37
11:22,rls5,28.9,33.7,25.1,80.6,11.07,24,400,390,295,0,3.8,,0.022,75,244.6(#/cm³),3.81e+08(nm³/cm³),0.458(µg/m³),0.003,0.114,9.0288,28800,0.0003135,rls,,spiral,taurate,6,95
11:29,rls6,29.9,31.7,24.9,75,11.08,23.9,400,388,331,0,8,,0.015,53,430.0(#/cm³),5.02e+08(nm³/cm³),0.602(µg/m³),0.003,0.24,12.96,28800,0.00045,rls,,spiral,taurate,6,57
11:40,rls7,30.9,31.4,25.2,70.8,11.08,23.7,400,383,343,1,12,,0.007,46,539.6(#/cm³),3.58e+08(nm³/cm³),0.429(µg/m³),0.003,0.36,9.072,28800,0.000315,rls,,spiral,taurate,6,40
12:15,rls8,31.4,32.8,25.3,63.5,11.12,23.4,400,392,359,1,15.4,,0.005,27,2.47e+03(#/cm³),4.63e+08(nm³/cm³),0.555(µg/m³),0.003,0.462,8.316,28800,0.00028875,rls,,spiral,taurate,6,33
10:59,RLS9,27.1,46.7,21.9,79.6,10.84,25.9,400,395,300,0,3.8,,,,,,,,0.114,0,28800,0,rls,,spiral,taurate,12,95
11:10,RLS10,27.7,44.5,22.2,74.2,10.8,27.6,400,392,342,1,7.5,,,,,,,,0.225,0,28800,0,rls,,spiral,taurate,12,50
13:22,RLS13,22.3,63.1,20.2,82.9,10.61,29.9,400,408,385,2,15.7,,0.009,34,1.24e+04(#/cm³),6.59e+09(nm³/cm³),7.91(µg/m³),7.5,0.471,15.2604,28800,0.000529875,rls,,spiral,taurate,18,23
13:32,RLS14,21.4,65.1,19.9,85.1,10.61,29.9,400,413,388,1,11.7,,0.012,34,1.06e+04(#/cm³),8.01e+09(nm³/cm³),9.61(µg/m³),7.5,0.351,15.1632,28800,0.0005265,rls,,spiral,taurate,18,25
13:41,RLS15,20.8,67,19.8,86.7,10.61,30,400,411,376,0,8,,0.02,31,1.39e+04(#/cm³),7.40e+09(nm³/cm³),8.88(µg/m³),7.5,0.24,17.28,28800,0.0006,rls,,spiral,taurate,18,35
13:54,RLS16,20.4,68.6,20.1,88,10.6,30.3,400,424,338,0,3.8,,0.026,32,1.26e+04(#/cm³),5.47e+09(nm³/cm³),6.57(µg/m³),7.5,0.114,10.6704,28800,0.0003705,rls,,spiral,taurate,18,86
13:35,PC01,17.8,63.1,14.8,89.8,11.12,20.9,70,391,290,45,8.6,13.9,0.007,31.6,1.15e+04(#/cm³),2.48e+09(nm³/cm³),2.98(µg/m³),0.004,0.258,6.5016,5040,0.00129,pc,ss,dst,taurate,6,101
13:47,PC02,17.8,58.5,14.8,91.7,11.08,24.5,80,387,279,47,8,14.1,0.007,30.1,1.23e+04(#/cm³),3.38e+09(nm³/cm³),4.06(µg/m³),0.004,0.24,6.048,5760,0.00105,pc,ss,dst,taurate,6,108
13:57,PC03,17.8,57.4,14.9,92.3,11.09,23.2,100,390,282,65,8.1,14.3,0.039,34.6,1.80e+04(#/cm³),1.19e+10(nm³/cm³), 14.3(µg/m³),0.004,0.243,34.1172,7200,0.0047385,pc,ss,dst,taurate,6,108
14:08,PC04,17.6,57.3,15.2,92.7,11.27,15.3,120,384,268,73,8,14.6,0.045,47,1.30e+04(#/cm³),1.53e+10(nm³/cm³), 18.4(µg/m³),0.004,0.24,38.88,8640,0.0045,pc,ss,dst,taurate,6,116
,amb,17.6,57.3,15.2,92.7,11.27,15.3,0,384,384,73,8,,0.002,,,,,0.004,0,0,0,#DIV/0!,pc,ss,dst,taurate,6,0
13:42,PC05,17.3,65.5,15.5,88.4,11.2,15.5,120,382,229,25,5.3,14.5,0.009,24.7,2.19e+04(#/cm³),2.83e+09(nm³/cm³),3.39(µg/m³),0.004,0.159,5.1516,8640,0.00059625,pc,ss,dst,taurate,6,153
13:53,PC06,17.7,56.5,15.5,91,11.18,15.6,120,251,379,45,6.5,14.7,0.013,24.9,1.28e+04(#/cm³),3.19e+09(nm³/cm³),3.83(µg/m³),0.004,0.195,9.126,8640,0.00105625,pc,ss,dst,taurate,6,-128
14:04,PC07,18.2,53.9,15.5,91.7,11.17,15.6,120,379,263,73,8,14.7,0.02,25.2,1.16e+04(#/cm³),4.64e+09(nm³/cm³),5.57(µg/m³),0.004,0.24,17.28,8640,0.002,pc,ss,dst,taurate,6,116
14:16,PC08,19,51.4,15.5,92.1,11.16,15.6,120,378,270,93,9.7,14.8,0.019,25.5,1.35e+04(#/cm³),4.51e+09(nm³/cm³),5.42(µg/m³),0.004,0.291,19.9044,8640,0.00230375,pc,ss,dst,taurate,6,108
,amb,19,51.4,15.5,92.1,11.16,15.6,0,378,387,93,9.7,14.8,0.004,21.2,521.2(#/cm³),1.01e+09(nm³/cm³),1.21(µg/m³),,0,,0,#DIV/0!,pc,ss,dst,taurate,6,-9
11:05,PC09,15.7,59.1,14.7,89.7,11.18,14.5,80,400,253,22,5.4,13.7,,22.6,5.44e+04(#/cm³),2.58e+09(nm³/cm³),3.09(µg/m³),,0.162,,5760,,pc,ss,dst,taurate,6,147
11:10,PC10,16.4,55,14.3,91.1,11.18,14.5,80,397,277,31,7,13.4,,22.3,5.71e+04(#/cm³),2.47e+09(nm³/cm³),2.96(µg/m³),,0.21,,5760,,pc,ss,dst,taurate,6,120
11:18,PC11,17.7,51.6,14,92.2,11.18,14.4,80,394,287,58,9,13.3,,23.4,7.57e+04(#/cm³),2.90e+09(nm³/cm³),3.47(µg/m³),,0.27,,5760,,pc,ss,dst,taurate,6,107
11:25,PC12,19.1,48.1,14,92.5,11.18,14.3,80,389,292,71,10.5,13.3,,22.7,3.85e+04(#/cm³),2.30e+09(nm³/cm³),2.76(µg/m³),,0.315,,5760,,pc,ss,dst,taurate,6,97
10:56,PC13,17.8,53,12.8,88.9,11.22,12.7,70,397,303,43,8.8,12,,39.5,1.53e+04(#/cm³),7.88e+09(nm³/cm³),9.46(µg/m³),,0.264,,5040,,pc,ss,dst,taurate,6,94
11:08,PC14,18.5,48.8,13.5,90,11.2,13.4,80,398,297,50,8.6,12.7,,46.1,1.60e+04(#/cm³),1.08e+10(nm³/cm³), 13.0(µg/m³),,0.258,,5760,,pc,ss,dst,taurate,12,101
11:20,PC15,19.1,47,14,90.6,11.18,13.9,100,396,289,60,8.6,13.3,,34.8,2.02e+04(#/cm³),1.15e+10(nm³/cm³), 13.8(µg/m³),,0.258,,7200,,pc,ss,dst,taurate,12,107
11:30,PC16,19.8,45.2,14.6,90.6,11.17,14.3,120,396,283,68,8.3,13.9,,42.8,1.40e+04(#/cm³),1.11e+10(nm³/cm³), 13.3(µg/m³),,0.249,,8640,,pc,ss,dst,taurate,12,113
11:39,PC17,19.6,44.3,15.3,89.9,11.15,14.9,120,393,241,26,5.4,14.5,,29.6,2.26e+04(#/cm³),1.19e+10(nm³/cm³), 14.3(µg/m³),,0.162,,8640,,pc,ss,dst,taurate,12,152
11:46,PC18,19.7,43.4,15.5,90.2,11.14,15.2,120,391,263,44,6.7,14.7,,41,1.43e+04(#/cm³),1.18e+10(nm³/cm³), 14.1(µg/m³),,0.201,,8640,,pc,ss,dst,taurate,12,128
11:59,PC19,20,42.7,15.7,90.6,11.12,15.6,120,392,274,70,8,14.9,,32.1,2.03e+04(#/cm³),1.18e+10(nm³/cm³), 14.2(µg/m³),,0.24,,8640,,pc,ss,dst,taurate,12,118
12:10,PC20,20.6,42.5,15.9,91,11.12,15.8,120,391,284,88,9.8,15.1,,27.2,2.89e+04(#/cm³),1.12e+10(nm³/cm³), 13.5(µg/m³),,0.294,,8640,,pc,ss,dst,taurate,12,107
13:36,PC21,20.9,43,17,88.2,11.09,17.1,80,373,245,23,5.7,15.8,,34.2,1.60e+04(#/cm³),6.83e+09(nm³/cm³),8.19(µg/m³),,0.171,,5760,,pc,ss,dst,taurate,12,128
11:26,PC21r,16.9,29.8,13.3,88.3,11.14,13.3,80,381,246,23,5.5,12.2,,28,5.53e+03(#/cm³),2.61e+09(nm³/cm³),3.13(µg/m³),,0.165,,5760,,pc,ss,dst,taurate,12,135
11:33,PC22,17.3,29.6,13,89.1,11.14,13.2,80,384,269,34,7.5,11.9,,28.2,7.75e+03(#/cm³),2.65e+09(nm³/cm³),3.18(µg/m³),,0.225,,5760,,pc,ss,dst,taurate,12,115
11:41,PC23,17.7,28.7,12.6,89.8,11.14,13.2,80,381,284,54,9.3,11.6,,28.7,5.98e+03(#/cm³),1.94e+09(nm³/cm³),2.33(µg/m³),,0.279,,5760,,pc,ss,dst,taurate,12,97
11:51,PC24,18.2,27.2,12.2,90.3,11.15,12.6,80,380,290,68,10.6,11.3,,27.1,6.43e+03(#/cm³),1.79e+09(nm³/cm³),2.14(µg/m³),,0.318,,5760,,pc,ss,dst,taurate,12,90
10:35,PC25,18.8,56.8,14.1,91.8,10.9,14,70,420,338,43,8.5,13.5,0.006,23,6.25e+04(#/cm³),4.04e+09(nm³/cm³),4.85(µg/m³),0.008,0.255,5.508,5040,0.001092857,pc,ss,dst,taurate,18,82
10:47,PC26,19.4,54.4,14.9,91.6,10.89,14.7,80,420,326,46,8.6,14.1,0.009,27.5,8.11e+04(#/cm³),5.70e+09(nm³/cm³),6.84(µg/m³),0.008,0.258,8.3592,5760,0.00145125,pc,ss,dst,taurate,18,94
10:57,PC27,20.1,52.2,15.5,91.7,10.87,15.4,100,408,310,60,8.6,14.8,0.011,27.9,8.40e+04(#/cm³),6.13e+09(nm³/cm³),7.36(µg/m³),0.008,0.258,10.2168,7200,0.001419,pc,ss,dst,taurate,18,98
11:07,PC28,20.1,51.6,16,91.9,10.85,15.8,120,417,324,64,8.2,15.2,0.0143,28.7,9.32e+04(#/cm³),9.15e+09(nm³/cm³), 11.0(µg/m³),0.008,0.246,12.66408,8640,0.00146575,pc,ss,dst,taurate,18,93
11:15,PC29,20,51.3,16.6,91.2,10.83,16.3,120,424,285,26,5.4,15.7,0.018,27.6,9.91e+04(#/cm³),8.29e+09(nm³/cm³),9.95(µg/m³),0.008,0.162,10.4976,8640,0.001215,pc,ss,dst,taurate,18,139
11:23,PC30,20.5,50.3,16.9,91.3,10.82,16.6,120,395,284,43,6.7,16,0.0154,23.1,1.01e+05(#/cm³),7.47e+09(nm³/cm³),8.96(µg/m³),0.008,0.201,11.14344,8640,0.00128975,pc,ss,dst,taurate,18,111
11:30,PC31,20.3,49.3,16.9,91.6,10.82,16.7,120,395,294,66,8.8,16.1,0.0135,24.4,5.15e+04(#/cm³),6.48e+09(nm³/cm³),7.78(µg/m³),0.008,0.264,12.8304,8640,0.001485,pc,ss,dst,taurate,18,101
10:37,PC32,20.5,48.8,16.2,91.8,10.81,16.8,120,395,303,87,10,16.1,,36,1.95e+04(#/cm³),5.32e+09(nm³/cm³),6.39(µg/m³),,0.3,0,8640,0,pc,ss,dst,taurate,18,92
11:49,PC33,20.4,49.6,17.1,90.8,10.81,16.8,80,398,274,24,5.6,16.1,,28.8,4.00e+04(#/cm³),5.43e+09(nm³/cm³),6.52(µg/m³),,0.168,0,5760,0,pc,ss,dst,taurate,18,124
11:54,PC34,20.9,48.3,17,90.9,10.81,16.7,80,385,285,36,6.9,16,,31.7,1.60e+04(#/cm³),3.11e+09(nm³/cm³),3.73(µg/m³),,0.207,0,5760,0,pc,ss,dst,taurate,18,100
12:02,PC35,21.3,47.5,17.2,91.1,10.81,16.6,80,390,302,55,9.7,15.9,0.006,30.4,3.70e+04(#/cm³),4.06e+09(nm³/cm³),4.88(µg/m³),0.008,0.291,6.2856,5760,0.00109125,pc,ss,dst,taurate,18,88
12:07,PC36,21.3,47.9,16.8,91.3,10.81,16.6,80,390,309,68,10.8,15.9,0.006,30.9,2.80e+04(#/cm³),4.55e+09(nm³/cm³),5.46(µg/m³),0.008,0.324,6.9984,5760,0.001215,pc,ss,dst,taurate,18,81
,amb,21.3,47.9,16.8,91.3,10.81,16.6,0,390,390,68,10.8,15.9,0.008,,,,,,0,0,0,#DIV/0!,pc,ss,dst,taurate,18,0
13:37,PC36p,18.5,48.6,16,89.1,14.42,14.6,100,392,227,3.4,3,14,0.065,18.2,1.87e+05(#/cm³),1.27e+10(nm³/cm³), 15.2(µg/m³),0.008,0.09,21.06,7200,0.002925,pc,pp,dst,caustic,1,165
13:46,PC37,20.7,44.4,15.2,93.1,14.43,14.6,100,387,300,18,8.5,13.8,0.037,27.1,3.73e+04(#/cm³),1.10e+10(nm³/cm³), 13.2(µg/m³),0.008,0.255,33.966,7200,0.0047175,pc,pp,dst,caustic,1,87
13:54,PC38,23.9,33.8,14.2,96.3,14.44,14.3,100,391,326,97,18.4,13.5,0.026,32.5,2.40e+04(#/cm³),1.08e+10(nm³/cm³), 13.0(µg/m³),0.008,0.552,51.6672,7200,0.007176,pc,pp,dst,caustic,1,65
14:03,PC39,20.8,37.6,14.7,96.5,14.44,14.3,100,390,295,21,8.5,13.6,0.042,20.5,1.18e+05(#/cm³),1.41e+10(nm³/cm³), 17.0(µg/m³),0.008,0.255,38.556,7200,0.005355,pc,pp,dst,caustic,1,95
14:10,PC40,21.1,36.8,14.7,96,14.45,14.4,80,386,300,21,8.5,13.5,0.029,26.7,2.55e+04(#/cm³),8.25e+09(nm³/cm³),9.90(µg/m³),0.008,0.255,26.622,5760,0.004621875,pc,pp,dst,caustic,1,86
,amb,21.1,36.8,14.7,96,14.45,14.4,0,386,386,21,8.5,13.5,0.008,,,,,,0,0,0,#DIV/0!,pc,pp,dst,caustic,1,0
13:53,PC41,23.2,45.6,18.4,89,11.15,18.1,70,393,332,26,9.2,17.4,0.013,38.5,6.88e+04(#/cm³),1.31e+10(nm³/cm³), 15.7(µg/m³),0.011,0.276,12.9168,5040,0.002562857,pc,pp,dst,taurate,6,61
14:04,PC42,23.3,45.5,18.4,90.3,11.15,18.1,80,324,394,26,9.2,17.5,0.013,31.2,2.21e+04(#/cm³),4.41e+09(nm³/cm³),5.30(µg/m³),0.011,0.276,12.9168,5760,0.0022425,pc,pp,dst,taurate,6,-70
14:12,PC43,23.5,45.6,18.5,90.8,11.14,18.3,100,394,324,26,9.5,17.6,0.014,33.8,4.21e+04(#/cm³),7.52e+09(nm³/cm³),9.02(µg/m³),0.011,0.285,14.364,7200,0.001995,pc,pp,dst,taurate,6,70
14:22,PC44,23.4,45.9,18.7,91.1,11.13,18.5,120,393,316,26,9.4,17.9,0.016,37.7,7.34e+04(#/cm³),1.51e+10(nm³/cm³), 18.1(µg/m³),0.011,0.282,16.2432,8640,0.00188,pc,pp,dst,taurate,6,77
14:34,PC45,22.8,46.5,19.2,90.5,11.12,18.8,120,393,287,12,5.5,18.2,0.02,31.6,1.77e+04(#/cm³),5.48e+09(nm³/cm³),6.57(µg/m³),0.011,0.165,11.88,8640,0.001375,pc,pp,dst,taurate,6,106
14:43,PC46,23.1,46.4,19,91.2,11.12,18.9,120,394,315,25,8.5,18.2,0.0165,39.7,1.11e+04(#/cm³),4.35e+09(nm³/cm³),5.22(µg/m³),0.011,0.255,15.147,8640,0.001753125,pc,pp,dst,taurate,6,79
15:50,PC47,23.9,45,18.7,92.2,11.12,18.8,120,394,230,58,13.9,18,0.015,35.2,7.64e+03(#/cm³),3.82e+09(nm³/cm³),4.59(µg/m³),0.011,0.417,22.518,8640,0.00260625,pc,pp,dst,taurate,6,164
14:55,PC48,25.5,42.6,18.5,93.1,11.12,18.6,120,390,335,130,17,17.9,0.0225,36.6,5.29e+03(#/cm³),4.55e+09(nm³/cm³),5.46(µg/m³),0.011,0.51,41.31,8640,0.00478125,pc,pp,dst,taurate,6,55
15:05,PC49,25.6,40.5,18.2,93.9,11.12,18.4,80,387,336,108,18,17.8,0.014,33.6,4.86e+03(#/cm³),2.74e+09(nm³/cm³),3.29(µg/m³),0.011,0.54,27.216,5760,0.004725,pc,pp,dst,taurate,6,51
15:15,PC50,24.1,42,18.2,93,11.12,18.3,80,391,336,55,13.6,17.7,0.011,34.5,5.11e+03(#/cm³),2.77e+09(nm³/cm³),3.32(µg/m³),0.011,0.408,16.1568,5760,0.002805,pc,pp,dst,taurate,6,55
15:22,PC51,22.7,44.2,18.4,92.4,11.12,18.3,80,390,315,13,8.8,17.7,0.012,32.8,5.66e+03(#/cm³),1.92e+09(nm³/cm³),2.31(µg/m³),0.011,0.264,11.4048,5760,0.00198,pc,pp,dst,taurate,6,75
15:23,PC52,22.2,46.1,18.6,91.4,11.11,18.3,80,393,289,10,5.5,17.7,0.014,32,8.15e+03(#/cm³),2.81e+09(nm³/cm³),3.37(µg/m³),0.011,0.165,8.316,5760,0.00144375,pc,pp,dst,taurate,6,104
15:30,PC49r,24.9,44.5,18.1,92.7,11.11,18.3,80,394,343,106,18,17.7,0.014,32.8,5.43e+03(#/cm³),2.51e+09(nm³/cm³),3.01(µg/m³),0.011,0.54,27.216,5760,0.004725,pc,pp,dst,taurate,6,51
,amb,24.9,44.5,18.1,92.7,11.11,18.3,0,394,394,106,18,17.7,0.011,,,,,,0,0,0,#DIV/0!,pc,pp,dst,taurate,6,0
13:40,PC53,20,60.6,17,89.6,10.92,16.9,70,392,331,22,9.4,16.2,0.011,,,,,0.008,0.282,11.1672,5040,0.002215714,pc,pp,dst,taurate,6,61
13:50,PC54,20.1,56.5,17,90.8,10.92,16.9,80,392,326,23,9.5,16.2,0.012,,,,,0.008,0.285,12.312,5760,0.0021375,pc,pp,dst,taurate,6,66
13:59,PC52,20.4,55.2,17,90.1,10.91,16.9,100,389,325,24,9.2,16.3,0.012,,,,,0.008,0.276,11.9232,7200,0.001656,pc,pp,dst,taurate,6,64
14:07,PC53,20.5,53.3,17.1,91.4,10.91,17,120,393,320,27,9.3,16.4,0.013,,,,,0.008,0.279,13.0572,8640,0.00151125,pc,pp,dst,taurate,12,73
14:18,PC54,19.9,53.9,17.3,90.8,10.91,17.1,80,395,297,12,5.5,16.5,0.013,,,,,0.008,0.165,7.722,5760,0.001340625,pc,pp,dst,taurate,12,98
14:26,PC55,20.2,52.9,17,91.2,10.9,17,80,388,323,23,8.7,16.4,0.01,,,,,0.008,0.261,9.396,5760,0.00163125,pc,pp,dst,taurate,12,65
14:36,PC56,21.2,50.6,16.7,92.4,10.91,16.8,80,391,339,52,13.9,16.1,0.008,,,,,0.008,0.417,12.0096,5760,0.002085,pc,pp,dst,taurate,12,52
14:42,PC57,22.6,48.3,16.4,93.1,10.91,16.7,80,388,343,104,17.9,16.1,0.008,,,,,0.008,0.537,15.4656,5760,0.002685,pc,pp,dst,taurate,12,45
14:49,PC58,22.6,46.4,16.5,93.6,10.91,16.8,120,386,338,128,18,16.1,0.01,,,,,0.008,0.54,19.44,8640,0.00225,pc,pp,dst,taurate,12,48
14:55,PC59,21.1,46.3,16.6,93.9,10.91,16.8,120,388,332,62,13.3,16.1,0.009,,,,,0.008,0.399,12.9276,8640,0.00149625,pc,pp,dst,taurate,12,56
15:02,PC60,20.1,47.5,16.7,93.2,10.91,16.8,120,388,316,24,9,16.2,0.012,,,,,0.008,0.27,11.664,8640,0.00135,pc,pp,dst,taurate,12,72
15:11,PC61,19.6,50.1,17,91.9,10.9,17,120,388,290,12,5.4,16.4,0.017,,,,,0.008,0.162,9.9144,8640,0.0011475,pc,pp,dst,taurate,12,98
,amb,19.6,50.1,17,91.9,10.9,17,0,388,388,12,5.4,16.4,0.008,,,,,0.008,0,0,0,#DIV/0!,pc,pp,dst,taurate,12,0
14:00,PC65,21.4,66.6,19.7,89.1,10.25,12.5,70,390,339,23,9.2,19.9,0.023,,,,,0.01,0.276,#VALUE!,5040,#VALUE!,pc,pp,dst,taurate,18,51
14:07,PC66,21.5,65.2,19.5,90.1,10.25,19.4,80,386,332,26,9.3,18.8,0.0156,,,,,0.01,0.279,15.66864,5760,0.00272025,pc,pp,dst,taurate,18,54
14:10,PC67,21.5,64.8,19.5,90.4,10.25,19.4,100,385,331,26,9.3,18.8,0.016,,,,,0.01,0.279,16.0704,7200,0.002232,pc,pp,dst,taurate,18,54
14:18,PC68,21.5,64.7,19.5,91,10.25,19.4,120,391,330,26,9.4,18.9,0.018,,,,,0.01,0.282,18.2736,8640,0.002115,pc,pp,dst,taurate,18,61
14:28,PC69,20.9,66.3,19.6,90.7,10.24,19.4,80,384,312,13,5.4,18.9,0.018,,,,,0.01,0.162,10.4976,5760,0.0018225,pc,pp,dst,taurate,18,72
14:39,PC70,21.3,66,19.4,91.2,10.24,19.3,80,394,337,23,8.6,18.8,0.016,,,,,0.01,0.258,14.8608,5760,0.00258,pc,pp,dst,taurate,18,57
14:49,PC71,22.4,62.6,19.1,92.2,10.25,19.3,80,386,343,53,13.5,18.7,0.013,,,,,0.01,0.405,18.954,5760,0.003290625,pc,pp,dst,taurate,18,43
14:56,PC72,24.1,58.4,18,92.9,10.24,19.3,80,388,351,102,17.4,18.8,0.012,,,,,0.01,0.522,22.5504,5760,0.003915,pc,pp,dst,taurate,18,37
14:57,PC73,22.3,60,19.3,93,10.24,19.4,50,384,331,22,9.4,18.9,0.015,,,,,0.01,0.282,15.228,3600,0.00423,pci,pp,60on60off,taurate,18,53
15:16,PC74,21.4,65.3,19.3,92.8,10.24,19.4,10,387,330,22,9.5,18.8,0.017,,,,,0.01,0.285,17.442,597.6,0.029186747,pci,pp,05on25off,taurate,18,57
15:33,PC75,21.3,65.8,19.1,91.4,10.24,19.3,40,387,341,23,9.4,18.6,0.012,,,,,0.01,0.282,12.1824,2880,0.00423,pc,pp,dst,taurate,18,46
15:40,PC76,21.4,65.9,18.8,92.1,10.24,19.2,20,390,346,23,9.4,18.4,0.012,,,,,0.01,0.282,12.1824,1440,0.00846,pc,pp,dst,taurate,18,44
15:46,amb,21.4,65.9,18.8,92.1,10.24,19.2,0,390,346,23,9.4,18.4,0.013,,,,,0.01,0,0,0,#DIV/0!,pc,pp,dst,taurate,1,44
,amb,21.4,65.9,18.8,92.1,10.24,19.2,0,390,390,23,9.4,18.4,0.012,,,,,0.01,0,0,0,#DIV/0!,pc,pp,dst,taurate,1,0
13:57,PC77,26.6,44.9,23.1,90,13.74,22,100,387,213,3,3.2,21.5,0.018,51.3,2.53e+03(#/cm³),3.43e+09(nm³/cm³),4.12(µg/m³),0.01,0.096,6.2208,7200,0.000864,pc,cp,dst,caustic,1,174
14:04,PC79,26.8,43.6,22.3,93.2,13.75,21.7,100,385,289,11,8.5,21,0.016,28.9,2.36e+03(#/cm³),3.51e+09(nm³/cm³),4.22(µg/m³),0.01,0.255,14.688,7200,0.00204,pc,cp,dst,caustic,1,96
14:09,PC80,28.6,41.8,21.5,94.7,13.76,21.3,100,379,311,25,14,20.6,0.016,38.7,2.34e+03(#/cm³),3.97e+09(nm³/cm³),4.76(µg/m³),0.01,0.42,24.192,7200,0.00336,pc,cp,dst,caustic,1,68
14:14,PC81,30.3,39.7,21,96,13.77,21,100,384,323,55,17.8,20.4,0.018,39.3,2.84e+03(#/cm³),3.95e+09(nm³/cm³),4.74(µg/m³),0.01,0.534,34.6032,7200,0.004806,pc,cp,dst,caustic,1,61
14:20,PC82,28.1,40.2,21.4,96.7,13.78,21,120,378,283,12,8,20.5,0.018,38.8,3.35e+03(#/cm³),3.64e+09(nm³/cm³),4.37(µg/m³),0.01,0.24,15.552,8640,0.0018,pc,cp,dst,caustic,1,95
14:27,PC83,27.9,39.9,21.4,96,13.78,21,80,379,284,13,8.1,20.4,0.018,39.9,3.15e+03(#/cm³),3.62e+09(nm³/cm³),4.35(µg/m³),0.01,0.243,15.7464,5760,0.00273375,pc,cp,dst,caustic,1,95
14:35,PC84,28.2,40.3,21,95.7,13.78,20.8,50,381,298,13,8.5,20.2,0.016,48.9,9.06e+03(#/cm³),4.70e+09(nm³/cm³),5.64(µg/m³),0.01,0.255,14.688,3600,0.00408,pc,cp,dst,caustic,1,83
13:56,PC86,26.4,54,21.2,88.7,10.65,21,50,393,398,14,9,20.4,,79.5,1.71e+04(#/cm³),2.10e+10(nm³/cm³), 25.2(µg/m³),,0.27,,3600,,pc,cp,dst,taurate,6,-5
14:03,PC87,26.7,51.3,21.3,89.2,10.65,21.1,70,391,325,15,9.4,20.5,,81.2,1.74e+04(#/cm³),2.38e+10(nm³/cm³), 28.6(µg/m³),,0.282,,5040,,pc,cp,dst,taurate,6,66
14:08,PC88,26.7,50.1,21.4,89.4,10.65,21.1,100,395,323,16,9.4,20.6,,82.8,2.05e+04(#/cm³),2.70e+10(nm³/cm³), 32.4(µg/m³),,0.282,,7200,,pc,cp,dst,taurate,6,72
14:14,PC89,26.9,48.9,21.6,89.6,10.65,21.3,120,391,317,16,9.7,20.8,,85.2,2.27e+04(#/cm³),3.18e+10(nm³/cm³), 38.2(µg/m³),,0.291,,8640,,pc,cp,dst,taurate,6,74
14:21,PC90,26.8,49,21.8,88.8,10.64,21.4,70,391,295,8,5.5,20.9,,82.9,1.47e+04(#/cm³),2.02e+10(nm³/cm³), 24.2(µg/m³),,0.165,,5040,,pc,cp,dst,taurate,6,96
14:27,PC91,27,47.2,21.6,88.9,10.64,21.4,70,387,316,13,8.9,20.8,,81.5,1.20e+04(#/cm³),1.66e+10(nm³/cm³), 19.9(µg/m³),,0.267,,5040,,pc,cp,dst,taurate,6,71
14:33,PC92,28.2,45.6,21.3,89.3,10.64,21.3,70,386,336,30,13.8,20.7,,79.4,1.34e+04(#/cm³),1.95e+10(nm³/cm³), 23.4(µg/m³),,0.414,,5040,,pc,cp,dst,taurate,6,50
14:37,PC93,29.6,43.7,21.2,90.3,10.64,21.3,70,388,335,62,18.3,20.8,,81.5,1.52e+04(#/cm³),2.13e+10(nm³/cm³), 25.6(µg/m³),,0.549,,5040,,pc,cp,dst,taurate,6,53
14:51,PC94,27.6,45.2,21.6,90.2,10.63,21.7,50,389,323,15,9.5,21.1,,80.7,8.02e+03(#/cm³),1.19e+10(nm³/cm³), 14.3(µg/m³),,0.285,,3600,,pci,cp,30on30off,taurate,6,66
15:08,PC95,27.5,47.6,21.9,88.8,10.62,22,50,387,328,15,9.5,21,,74.9,1.61e+04(#/cm³),1.78e+10(nm³/cm³), 21.3(µg/m³),,0.285,,3600,,pci,cp,30on30off,taurate,6,59
15:33,PC96,27.2,48.5,21.7,90.2,10.59,22.9,50,389,335,15,9.5,21.6,,79.8,1.06e+04(#/cm³),1.37e+10(nm³/cm³), 16.4(µg/m³),,0.285,,3600,,pci,cp,30on30off,taurate,6,54
,amb,27.2,48.5,21.7,90.2,10.59,22.9,0,389,389,15,9.5,21.6,,68.3,1.62e+04(#/cm³),1.06e+10(nm³/cm³), 12.7(µg/m³),,0,,0,#DIV/0!,pc,cp,dst,taurate,6,0
,amb,27.2,48.5,21.7,90.2,10.59,22.9,0,389,389,15,9.5,21.6,,94.3,4.61e+03(#/cm³),8.91e+09(nm³/cm³), 10.7(µg/m³),,0,,0,#DIV/0!,pc,cp,dst,taurate,6,0
9:54,PC97,18.3,73.6,16.4,91.8,10.47,16.7,50,396,349,14,9.4,16.1,,39.6,5.44e+03(#/cm³),1.03e+09(nm³/cm³),1.24(µg/m³),,0.282,,3600,,pc,cp,dst,taurate,12,47
10:04,PC98,18.4,70.8,16.5,92.5,10.48,16.8,80,394,335,15,9.5,16.2,,40.9,4.96e+03(#/cm³),8.83e+08(nm³/cm³),1.06(µg/m³),,0.285,,5760,,pc,cp,dst,taurate,12,59
10:15,PC99,18.4,69.7,16.7,92.9,10.48,16.8,100,395,333,16,9.6,16.3,,46.5,3.05e+03(#/cm³),8.24e+08(nm³/cm³),0.989(µg/m³),,0.288,,7200,,pc,cp,dst,taurate,12,62
10:24,PC100,18.3,69.5,17,93.2,10.48,17.1,120,397,328,16,9.5,16.5,,43.9,4.13e+03(#/cm³),1.10e+09(nm³/cm³),1.32(µg/m³),,0.285,,8640,,pc,cp,dst,taurate,12,69
10:31,PC101,17.9,70.6,16.9,92.7,10.48,17.1,80,393,312,8,5.5,16.5,,53,3.22e+03(#/cm³),1.04e+09(nm³/cm³),1.25(µg/m³),,0.165,,5760,,pc,cp,dst,taurate,12,81
10:40,PC102,18.4,70,16.8,92.9,10.49,17.1,80,400,335,15,8.4,16.5,,45.1,4.17e+03(#/cm³),1.16e+09(nm³/cm³),1.39(µg/m³),,0.252,,5760,,pc,cp,dst,taurate,12,65
10:47,PC103,19.5,67,16.7,92.3,10.49,17.1,80,394,344,30,14.3,16.5,,41.2,4.89e+03(#/cm³),1.07e+09(nm³/cm³),1.29(µg/m³),,0.429,,5760,,pc,cp,dst,taurate,12,50
10:55,PC104,21.4,62.3,16.7,93.4,10.49,17.1,80,389,341,60,18.9,16.7,,45.5,3.17e+03(#/cm³),9.40e+08(nm³/cm³),1.13(µg/m³),,0.567,,5760,,pc,cp,dst,taurate,12,48
11:17,PC105,18.8,68,16.8,93.1,10.47,17.7,10,393,342,15,9.6,16.7,,43.9,3.33e+03(#/cm³),9.42e+08(nm³/cm³),1.13(µg/m³),,0.288,,576,,pci,cp,05on30off,taurate,12,51
11:33,PC106,17.9,72.1,17.1,92.2,10.47,18,10,396,322,15,5.7,16.8,,40.5,4.02e+03(#/cm³),1.13e+09(nm³/cm³),1.36(µg/m³),,0.171,,576,,pci,cp,05on30off,taurate,12,74
11:57,PC107,17.3,78.9,17,92.2,10.45,18.6,3,398,337,15,5.7,16.8,,38,3.72e+03(#/cm³),8.98e+08(nm³/cm³),1.08(µg/m³),,0.171,,216,,pci,cp,02on30off,taurate,12,61
14:08,PC106p,23.9,54.2,19.1,86.5,10.29,18.7,50,391,349,15,9.7,18.1,0.062,46,6.66e+03(#/cm³),4.38e+09(nm³/cm³),5.26(µg/m³),0.008,0.291,64.9512,3600,0.018042,pc,cp,dst,taurate,12,42
14:20,PC107p,23.9,51.4,19.2,88.4,10.29,19,80,395,337,16,9.2,18.4,0.064,49,5.07e+03(#/cm³),4.64e+09(nm³/cm³),5.57(µg/m³),0.008,0.276,63.5904,5760,0.01104,pc,cp,dst,taurate,12,58
9:42,PC108,20,61.4,17.7,90,10.28,17.7,100,400,345,16,9.6,17.1,0.023,32,3.54e+03(#/cm³),9.12e+09(nm³/cm³), 10.9(µg/m³),0.008,0.288,23.8464,7200,0.003312,pc,cp,dst,taurate,18,55
10:00,PC109,20.2,62.8,18,91.1,10.28,18.1,120,422,356,16,9.6,17.5,0.033,37.4,3.08e+04(#/cm³),1.56e+10(nm³/cm³), 18.7(µg/m³),0.008,0.288,34.2144,8640,0.00396,pc,cp,dst,taurate,18,66
10:10,PC110,20,62.3,18.2,90.4,10.28,18.2,80,401,325,8,5.8,17.6,0.023,34.6,3.02e+04(#/cm³),2.62e+10(nm³/cm³), 31.4(µg/m³),0.008,0.174,14.4072,5760,0.00250125,pc,cp,dst,taurate,18,76
10:28,PC111,20.3,62.9,18,90.6,10.28,18.1,80,420,366,16,8.4,17.5,0.017,41.4,4.18e+04(#/cm³),1.01e+10(nm³/cm³), 12.1(µg/m³),0.008,0.252,15.4224,5760,0.0026775,pc,cp,dst,taurate,18,54
10:37,PC112,21.6,59.4,17.8,91,10.28,18.1,80,416,372,28,14.2,17.5,0.03,43.4,3.26e+04(#/cm³),8.60e+09(nm³/cm³), 10.3(µg/m³),0.008,0.426,46.008,5760,0.0079875,pc,cp,dst,taurate,18,44
10:42,PC113,23.5,55.4,17.9,91.6,10.28,18.2,80,423,380,59,18,18.7,0.026,44.4,2.70e+04(#/cm³),8.03e+09(nm³/cm³),9.63(µg/m³),0.008,0.54,50.544,5760,0.008775,pc,cp,dst,taurate,18,43
10:49,PC114,24,52.9,18.2,92.3,10.27,18.5,120,429,378,64,17.9,18,0.031,45,2.24e+04(#/cm³),7.18e+09(nm³/cm³),8.62(µg/m³),0.008,0.537,59.9292,8640,0.00693625,pc,cp,dst,taurate,18,51
11:00,PC115,22.4,53.7,18.5,92.7,10.27,18.6,120,428,372,35,13.7,18,0.034,43.8,2.18e+04(#/cm³),7.38e+09(nm³/cm³),8.85(µg/m³),0.008,0.411,50.3064,8640,0.0058225,pc,cp,dst,taurate,18,56
11:07,PC116,21.2,55.7,18.6,91.9,10.27,18.6,120,420,353,14,8.4,18,0.042,45.4,3.66e+04(#/cm³),1.05e+10(nm³/cm³), 12.6(µg/m³),0.008,0.252,38.1024,8640,0.00441,pc,cp,dst,taurate,18,67
11:18,PC117,20.6,57.2,18.9,90.8,10.26,18.8,120,407,315,9,5.7,18.2,0.054,46.5,3.66e+04(#/cm³),1.09e+10(nm³/cm³), 13.0(µg/m³),0.008,0.171,33.2424,8640,0.0038475,pc,cp,dst,taurate,18,92
,amb,20.6,57.2,18.9,90.8,10.26,18.8,0,407,407,9,5.7,18.2,0.008,40.1,1.63e+03(#/cm³),1.72e+09(nm³/cm³),2.07(µg/m³),0.008,,0,0,#DIV/0!,pc,cp,dst,taurate,18,0
,amb,20.6,57.2,18.9,90.8,10.26,18.8,0,407,407,9,5.7,18.2,0.009,39.9,1.39e+03(#/cm³),1.67e+09(nm³/cm³),2.01(µg/m³),0.008,,0,0,#DIV/0!,pc,cp,dst,taurate,18,0
